<?xml version="1.0" encoding="UTF-8"?>
<!DOCTYPE suite SYSTEM "https://testng.org/testng-1.0.dtd">
<suite name="Suite">
<listeners>
<listener class-name="com.hundredms.Listeners"></listener>

</listeners>

  <test  name="Test on Chrome">
  <parameter name="Browser" value="chrome"></parameter>
    <classes>
      <class name="com.hundredms.EndtoEnd100ms"/>
    </classes>
  </test> <!-- Test1 -->
  <test  name="Test on Firefox">
  <parameter name="Browser" value="firefox"></parameter>
    <classes>
      <class name="com.hundredms.EndtoEnd100ms"/>
    </classes>
  </test>
</suite> <!-- Suite1 -->
